cohort,year,weekdate,avail,booked,occ,TotRev,ADR,RevPar,occhar,adrchar,rparchar
CHROMA,2018,2018-05-13T07:00:00Z,210,135,0.6428571428571429,31403.740174603176,232.62029758965315,149.54161987906275,64.3%,$233,$150
CHROMA,2018,2018-05-20T07:00:00Z,245,197,0.8040816326530612,50926.524825396824,258.51027830150673,207.86336663427275,80.4%,$259,$208
CHROMA,2018,2018-05-27T07:00:00Z,245,124,0.5061224489795918,19953.049464285716,160.91168922811062,81.44101822157435,50.6%,$161,$81
CHROMA,2018,2018-06-03T07:00:00Z,245,181,0.7387755102040816,35561.6625,196.47327348066298,145.14964285714285,73.9%,$196,$145
CHROMA,2018,2018-06-10T07:00:00Z,257,209,0.8132295719844358,47073.22,225.23071770334928,183.16428015564202,81.3%,$225,$183
CHROMA,2018,2018-06-17T07:00:00Z,280,181,0.6464285714285715,39862.52930555555,220.23496853898095,142.36617609126984,64.6%,$220,$142
CHROMA,2018,2018-06-24T07:00:00Z,280,199,0.7107142857142857,40790.00676984127,204.97490839116216,145.67859560657598,71.1%,$205,$146
CHROMA,2018,2018-07-01T07:00:00Z,280,161,0.575,30374.04750793651,188.6586801735187,108.47874109977325,57.5%,$189,$108
CHROMA,2018,2018-07-08T07:00:00Z,280,197,0.7035714285714286,42900.83219047619,217.77072177906695,153.21725782312924,70.4%,$218,$153
CHROMA,2018,2018-07-15T07:00:00Z,280,222,0.7928571428571428,50924.75838061938,229.39080351630352,181.87413707364064,79.3%,$229,$182
CHROMA,2018,2018-07-22T07:00:00Z,280,225,0.8035714285714286,50743.28815273615,225.5257251232718,181.22602911691484,80.4%,$226,$181
CHROMA,2018,2018-07-29T07:00:00Z,280,212,0.7571428571428571,48754.48857703408,229.97400272185885,174.1231734894074,75.7%,$230,$174
CHROMA,2018,2018-08-05T07:00:00Z,280,219,0.7821428571428571,57016.28944011544,260.3483536078331,203.62960514326943,78.2%,$260,$204
CHROMA,2018,2018-08-12T07:00:00Z,280,201,0.7178571428571429,44273.037723071044,220.26386926901017,158.11799186811086,71.8%,$220,$158
CHROMA,2018,2018-08-19T07:00:00Z,280,217,0.775,46535.273690943046,214.4482658568804,166.19740603908232,77.5%,$214,$166
CHROMA,2018,2018-08-26T07:00:00Z,280,207,0.7392857142857143,45556.99038468721,220.08207915307833,162.70353708816862,73.9%,$220,$163
CHROMA,2018,2018-09-02T07:00:00Z,280,179,0.6392857142857142,34377.291806249304,192.05190953211903,122.77604216517608,63.9%,$192,$123
CHROMA,2018,2018-09-09T07:00:00Z,280,193,0.6892857142857143,36009.801773115774,186.5792837985273,128.6064349039849,68.9%,$187,$129
CHROMA,2018,2018-09-16T07:00:00Z,280,191,0.6821428571428572,35878.18361904762,187.84389329344302,128.1363700680272,68.2%,$188,$128
CHROMA,2018,2018-09-23T07:00:00Z,280,170,0.6071428571428571,30133.967255411255,177.25863091418384,107.62131162646875,60.7%,$177,$108
CHROMA,2018,2018-09-30T07:00:00Z,280,173,0.6178571428571429,30100.877196969697,173.9935098090734,107.50313284632036,61.8%,$174,$108
CHROMA,2018,2018-10-07T07:00:00Z,280,116,0.4142857142857143,19242.33242857143,165.88217610837438,68.72261581632654,41.4%,$166,$69
CHROMA,2018,2018-10-14T07:00:00Z,280,62,0.22142857142857142,9654.572785714287,155.71891589861752,34.480617091836734,22.1%,$156,$34
CHROMA,2018,2018-10-21T07:00:00Z,280,36,0.12857142857142856,6402.298333333333,177.84162037037038,22.86535119047619,12.9%,$178,$23
CHROMA,2018,2018-10-28T07:00:00Z,280,25,0.08928571428571429,4385.165714285715,175.4066285714286,15.661306122448982,8.93%,$175,$16
CHROMA,2018,2018-11-04T07:00:00Z,280,15,0.05357142857142857,2487.9813325381274,165.8654221692085,8.885647616207597,5.36%,$166,$9
CHROMA,2018,2018-11-11T07:00:00Z,280,17,0.060714285714285714,2677.17,157.48058823529414,9.56132142857143,6.07%,$157,$10
CHROMA,2018,2018-11-18T07:00:00Z,280,5,0.017857142857142856,1203.31,240.66199999999998,4.297535714285714,1.79%,$241,$4
CHROMA,2018,2018-11-25T07:00:00Z,280,11,0.039285714285714285,1998.7712500000002,181.70647727272728,7.13846875,3.93%,$182,$7
CHROMA,2018,2018-12-02T07:00:00Z,280,3,0.010714285714285714,536.18875,178.72958333333335,1.9149598214285717,1.07%,$179,$2
CHROMA,2018,2018-12-09T07:00:00Z,280,6,0.02142857142857143,1042.65,173.775,3.7237500000000003,2.14%,$174,$4
CHROMA,2018,2018-12-16T07:00:00Z,280,4,0.014285714285714285,834.79,208.6975,2.9813928571428567,1.43%,$209,$3
CHROMA,2018,2018-12-23T07:00:00Z,280,2,0.007142857142857143,369.92,184.96,1.3211428571428572,0.714%,$185,$1
CHROMA,2018,2018-12-30T07:00:00Z,280,0,0,0,0,0,0%,$0,$0
CHROMA,2019,2019-01-06T07:00:00Z,280,0,0,0,0,0,0%,$0,$0
CHROMA,2019,2019-01-13T07:00:00Z,280,0,0,0,0,0,0%,$0,$0
CHROMA,2019,2019-01-20T07:00:00Z,280,2,0.007142857142857143,369.92,184.96,1.3211428571428572,0.714%,$185,$1
CHROMA,2019,2019-01-27T07:00:00Z,280,0,0,0,0,0,0%,$0,$0
CHROMA,2019,2019-02-03T07:00:00Z,280,0,0,0,0,0,0%,$0,$0
CHROMA,2019,2019-02-10T07:00:00Z,280,0,0,0,0,0,0%,$0,$0
CHROMA,2019,2019-02-17T07:00:00Z,280,0,0,0,0,0,0%,$0,$0
CHROMA,2019,2019-02-24T07:00:00Z,280,0,0,0,0,0,0%,$0,$0
CHROMA,2019,2019-03-03T07:00:00Z,280,0,0,0,0,0,0%,$0,$0
CHROMA,2019,2019-03-10T07:00:00Z,280,0,0,0,0,0,0%,$0,$0
CHROMA,2019,2019-03-17T07:00:00Z,280,0,0,0,0,0,0%,$0,$0
CHROMA,2019,2019-03-24T07:00:00Z,280,0,0,0,0,0,0%,$0,$0
CHROMA,2019,2019-03-31T07:00:00Z,280,0,0,0,0,0,0%,$0,$0
CHROMA,2019,2019-04-07T07:00:00Z,280,0,0,0,0,0,0%,$0,$0
CHROMA,2019,2019-04-14T07:00:00Z,280,0,0,0,0,0,0%,$0,$0
CHROMA,2019,2019-04-21T07:00:00Z,280,0,0,0,0,0,0%,$0,$0
CHROMA,2019,2019-04-28T07:00:00Z,280,0,0,0,0,0,0%,$0,$0
CHROMA,2019,2019-05-05T07:00:00Z,280,0,0,0,0,0,0%,$0,$0
CHROMA,2019,2019-05-12T07:00:00Z,280,0,0,0,0,0,0%,$0,$0
CHROMA,2019,2019-05-19T07:00:00Z,280,0,0,0,0,0,0%,$0,$0
CHROMA,2019,2019-05-26T07:00:00Z,280,0,0,0,0,0,0%,$0,$0
CHROMA,2019,2019-06-02T07:00:00Z,280,0,0,0,0,0,0%,$0,$0
CHROMA,2019,2019-06-09T07:00:00Z,280,0,0,0,0,0,0%,$0,$0
CHROMA,2019,2019-06-16T07:00:00Z,280,0,0,0,0,0,0%,$0,$0
CHROMA,2019,2019-06-23T07:00:00Z,280,0,0,0,0,0,0%,$0,$0
CHROMA,2019,2019-06-30T07:00:00Z,280,0,0,0,0,0,0%,$0,$0
CHROMA,2019,2019-07-07T07:00:00Z,280,0,0,0,0,0,0%,$0,$0
CHROMA,2019,2019-07-14T07:00:00Z,280,0,0,0,0,0,0%,$0,$0
CHROMA,2019,2019-07-21T07:00:00Z,280,0,0,0,0,0,0%,$0,$0
CHROMA,2019,2019-07-28T07:00:00Z,280,0,0,0,0,0,0%,$0,$0
CHROMA,2019,2019-08-04T07:00:00Z,280,0,0,0,0,0,0%,$0,$0
CHROMA,2019,2019-08-11T07:00:00Z,280,0,0,0,0,0,0%,$0,$0
CHROMA,2019,2019-08-18T07:00:00Z,280,0,0,0,0,0,0%,$0,$0
CHROMA,2019,2019-08-25T07:00:00Z,280,0,0,0,0,0,0%,$0,$0
CHROMA,2019,2019-09-01T07:00:00Z,280,0,0,0,0,0,0%,$0,$0
CHROMA,2019,2019-09-08T07:00:00Z,280,0,0,0,0,0,0%,$0,$0
CHROMA,2019,2019-09-15T07:00:00Z,280,0,0,0,0,0,0%,$0,$0
CHROMA,2019,2019-09-22T07:00:00Z,280,0,0,0,0,0,0%,$0,$0
CHROMA,2019,2019-09-29T07:00:00Z,280,0,0,0,0,0,0%,$0,$0
CHROMA,2019,2019-10-06T07:00:00Z,280,0,0,0,0,0,0%,$0,$0
CHROMA,2019,2019-10-13T07:00:00Z,280,0,0,0,0,0,0%,$0,$0
CHROMA,2019,2019-10-20T07:00:00Z,280,0,0,0,0,0,0%,$0,$0
CHROMA,2019,2019-10-27T07:00:00Z,280,0,0,0,0,0,0%,$0,$0
CHROMA,2019,2019-11-03T07:00:00Z,280,0,0,0,0,0,0%,$0,$0
CHROMA,2019,2019-11-10T07:00:00Z,280,0,0,0,0,0,0%,$0,$0
CHROMA,2019,2019-11-17T07:00:00Z,280,0,0,0,0,0,0%,$0,$0
CHROMA,2019,2019-11-24T07:00:00Z,280,0,0,0,0,0,0%,$0,$0
CHROMA,2019,2019-12-01T07:00:00Z,280,0,0,0,0,0,0%,$0,$0
CHROMA,2019,2019-12-08T07:00:00Z,280,0,0,0,0,0,0%,$0,$0
CHROMA,2019,2019-12-15T07:00:00Z,280,0,0,0,0,0,0%,$0,$0
CHROMA,2019,2019-12-22T07:00:00Z,280,0,0,0,0,0,0%,$0,$0
CHROMA,2019,2019-12-29T07:00:00Z,120,0,0,0,0,0,0%,$0,$0
MARINA,2018,2018-01-14T07:00:00Z,300,13,0.043333333333333335,1351.1399999999999,103.93384615384615,4.5038,4.33%,$104,$5
MARINA,2018,2018-01-21T07:00:00Z,350,30,0.08571428571428572,3343.83,111.461,9.5538,8.57%,$111,$10
MARINA,2018,2018-01-28T07:00:00Z,350,63,0.18,7412.0525,117.65162698412698,21.177292857142856,18.0%,$118,$21
MARINA,2018,2018-02-04T07:00:00Z,350,72,0.2057142857142857,8619.008535714285,119.70845188492063,24.62573867346939,20.6%,$120,$25
MARINA,2018,2018-02-11T07:00:00Z,350,140,0.4,16223.037184173669,115.87883702981192,46.35153481192477,40.0%,$116,$46
MARINA,2018,2018-02-18T07:00:00Z,350,190,0.5428571428571428,20769.696789436828,109.31419362861489,59.341990826962366,54.3%,$109,$59
MARINA,2018,2018-02-25T07:00:00Z,354,226,0.6384180790960452,26410.440603185973,116.86035665126536,74.60576441577959,63.8%,$117,$75
MARINA,2018,2018-03-04T07:00:00Z,350,243,0.6942857142857143,26489.007673101256,109.00826202922327,75.6828790660036,69.4%,$109,$76
MARINA,2018,2018-03-11T07:00:00Z,352,241,0.6846590909090909,27221.272627180904,112.95133870199545,77.33316087267303,68.5%,$113,$77
MARINA,2018,2018-03-18T07:00:00Z,350,263,0.7514285714285714,33586.38244063636,127.70487620013824,95.96109268753246,75.1%,$128,$96
MARINA,2018,2018-03-25T07:00:00Z,350,272,0.7771428571428571,36206.56758548459,133.11238082898745,103.44733595852739,77.7%,$133,$103
MARINA,2018,2018-04-01T07:00:00Z,350,227,0.6485714285714286,26363.114016258154,116.13706615091698,75.32318290359473,64.9%,$116,$75
MARINA,2018,2018-04-08T07:00:00Z,350,226,0.6457142857142857,28160.8747936591,124.60564067990752,80.45964226759743,64.6%,$125,$80
MARINA,2018,2018-04-15T07:00:00Z,350,229,0.6542857142857142,35134.4534646564,153.4255609810323,100.38415275616113,65.4%,$153,$100
MARINA,2018,2018-04-22T07:00:00Z,350,147,0.42,21836.75338951855,148.54934278584048,62.390723970053,42.0%,$149,$62
MARINA,2018,2018-04-29T07:00:00Z,350,135,0.38571428571428573,21276.499177045178,157.60369760774205,60.789997648700506,38.6%,$158,$61
MARINA,2018,2018-05-06T07:00:00Z,150,45,0.3,7578.868444444444,168.4192987654321,50.52578962962963,30.0%,$168,$51
MARINA,2018,2018-08-26T07:00:00Z,87,36,0.41379310344827586,7733.826857142857,214.8285238095238,88.89456157635468,41.4%,$215,$89
MARINA,2018,2018-09-02T07:00:00Z,249,116,0.46586345381526106,18793.918920634922,162.01654241926656,75.47758602664626,46.6%,$162,$75
MARINA,2018,2018-09-09T07:00:00Z,313,233,0.744408945686901,38920.4208015873,167.0404326248382,124.34639233733961,74.4%,$167,$124
MARINA,2018,2018-09-16T07:00:00Z,315,235,0.746031746031746,38230.709081699344,162.68386843276318,121.36733041809316,74.6%,$163,$121
MARINA,2018,2018-09-23T07:00:00Z,320,199,0.621875,31560.228633053222,158.59411373393579,98.62571447829131,62.2%,$159,$99
MARINA,2018,2018-09-30T07:00:00Z,322,260,0.8074534161490683,43329.78757309485,166.65302912728788,134.56455768041877,80.7%,$167,$135
MARINA,2018,2018-10-07T07:00:00Z,322,143,0.4440993788819876,22588.001225437605,157.9580505275357,70.14907212868822,44.4%,$158,$70
MARINA,2018,2018-10-14T07:00:00Z,322,78,0.2422360248447205,11039.654984541246,141.53403826334932,34.28464280913431,24.2%,$142,$34
MARINA,2018,2018-10-21T07:00:00Z,322,46,0.14285714285714285,5820.686432612571,126.53666157853414,18.07666593979059,14.3%,$127,$18
MARINA,2018,2018-10-28T07:00:00Z,322,13,0.040372670807453416,1572.6863429274313,120.97587253287932,4.884119077414383,4.04%,$121,$5
MARINA,2018,2018-11-04T07:00:00Z,322,13,0.040372670807453416,2301.679706601467,177.05228512318976,7.148073622985922,4.04%,$177,$7
MARINA,2018,2018-11-11T07:00:00Z,322,34,0.10559006211180125,6231.919706601467,183.29175607651374,19.35378790870021,10.6%,$183,$19
MARINA,2018,2018-11-18T07:00:00Z,322,8,0.024844720496894408,1481.288,185.161,4.600273291925466,2.48%,$185,$5
MARINA,2018,2018-11-25T07:00:00Z,322,2,0.006211180124223602,311.952,155.976,0.9687950310559006,0.621%,$156,$1
MARINA,2018,2018-12-02T07:00:00Z,322,0,0,0,0,0,0%,$0,$0
MARINA,2018,2018-12-09T07:00:00Z,322,2,0.006211180124223602,352.75,176.375,1.095496894409938,0.621%,$176,$1
MARINA,2018,2018-12-16T07:00:00Z,322,4,0.012422360248447204,546.11,136.5275,1.6959937888198757,1.24%,$137,$2
MARINA,2018,2018-12-23T07:00:00Z,322,6,0.018633540372670808,935.88,155.98,2.9064596273291925,1.86%,$156,$3
MARINA,2018,2018-12-30T07:00:00Z,322,0,0,0,0,0,0%,$0,$0
MARINA,2019,2019-01-06T07:00:00Z,322,0,0,0,0,0,0%,$0,$0
MARINA,2019,2019-01-13T07:00:00Z,322,0,0,0,0,0,0%,$0,$0
MARINA,2019,2019-01-20T07:00:00Z,322,0,0,0,0,0,0%,$0,$0
MARINA,2019,2019-01-27T07:00:00Z,322,11,0.034161490683229816,855.0042857142857,77.72766233766234,2.655292812777285,3.42%,$78,$3
MARINA,2019,2019-02-03T07:00:00Z,322,7,0.021739130434782608,72.665,10.380714285714287,0.22566770186335405,2.17%,$10,$0
MARINA,2019,2019-02-10T07:00:00Z,322,27,0.08385093167701864,3243.5468055555552,120.13136316872426,10.073126725327812,8.39%,$120,$10
MARINA,2019,2019-02-17T07:00:00Z,322,35,0.10869565217391304,4511.897638888889,128.9113611111111,14.01210446859903,10.9%,$129,$14
MARINA,2019,2019-02-24T07:00:00Z,322,5,0.015527950310559006,644.5562698412698,128.91125396825396,2.0017275460909,1.55%,$129,$2
MARINA,2019,2019-03-03T07:00:00Z,322,0,0,0,0,0,0%,$0,$0
MARINA,2019,2019-03-10T07:00:00Z,322,0,0,0,0,0,0%,$0,$0
MARINA,2019,2019-03-17T07:00:00Z,322,0,0,0,0,0,0%,$0,$0
MARINA,2019,2019-03-24T07:00:00Z,322,0,0,0,0,0,0%,$0,$0
MARINA,2019,2019-03-31T07:00:00Z,322,0,0,0,0,0,0%,$0,$0
MARINA,2019,2019-04-07T07:00:00Z,322,0,0,0,0,0,0%,$0,$0
MARINA,2019,2019-04-14T07:00:00Z,322,0,0,0,0,0,0%,$0,$0
MARINA,2019,2019-04-21T07:00:00Z,322,0,0,0,0,0,0%,$0,$0
MARINA,2019,2019-04-28T07:00:00Z,322,0,0,0,0,0,0%,$0,$0
MARINA,2019,2019-05-05T07:00:00Z,322,0,0,0,0,0,0%,$0,$0
MARINA,2019,2019-05-12T07:00:00Z,322,0,0,0,0,0,0%,$0,$0
MARINA,2019,2019-05-19T07:00:00Z,322,0,0,0,0,0,0%,$0,$0
MARINA,2019,2019-05-26T07:00:00Z,322,0,0,0,0,0,0%,$0,$0
MARINA,2019,2019-06-02T07:00:00Z,322,0,0,0,0,0,0%,$0,$0
MARINA,2019,2019-06-09T07:00:00Z,322,0,0,0,0,0,0%,$0,$0
MARINA,2019,2019-06-16T07:00:00Z,322,0,0,0,0,0,0%,$0,$0
MARINA,2019,2019-06-23T07:00:00Z,322,0,0,0,0,0,0%,$0,$0
MARINA,2019,2019-06-30T07:00:00Z,322,0,0,0,0,0,0%,$0,$0
MARINA,2019,2019-07-07T07:00:00Z,322,0,0,0,0,0,0%,$0,$0
MARINA,2019,2019-07-14T07:00:00Z,322,0,0,0,0,0,0%,$0,$0
MARINA,2019,2019-07-21T07:00:00Z,322,0,0,0,0,0,0%,$0,$0
MARINA,2019,2019-07-28T07:00:00Z,322,0,0,0,0,0,0%,$0,$0
MARINA,2019,2019-08-04T07:00:00Z,322,0,0,0,0,0,0%,$0,$0
MARINA,2019,2019-08-11T07:00:00Z,322,0,0,0,0,0,0%,$0,$0
MARINA,2019,2019-08-18T07:00:00Z,322,0,0,0,0,0,0%,$0,$0
MARINA,2019,2019-08-25T07:00:00Z,326,0,0,0,0,0,0%,$0,$0
MARINA,2019,2019-09-01T07:00:00Z,329,0,0,0,0,0,0%,$0,$0
MARINA,2019,2019-09-08T07:00:00Z,329,0,0,0,0,0,0%,$0,$0
MARINA,2019,2019-09-15T07:00:00Z,329,0,0,0,0,0,0%,$0,$0
MARINA,2019,2019-09-22T07:00:00Z,329,0,0,0,0,0,0%,$0,$0
MARINA,2019,2019-09-29T07:00:00Z,329,0,0,0,0,0,0%,$0,$0
MARINA,2019,2019-10-06T07:00:00Z,329,0,0,0,0,0,0%,$0,$0
MARINA,2019,2019-10-13T07:00:00Z,329,0,0,0,0,0,0%,$0,$0
MARINA,2019,2019-10-20T07:00:00Z,329,0,0,0,0,0,0%,$0,$0
MARINA,2019,2019-10-27T07:00:00Z,329,0,0,0,0,0,0%,$0,$0
MARINA,2019,2019-11-03T07:00:00Z,329,0,0,0,0,0,0%,$0,$0
MARINA,2019,2019-11-10T07:00:00Z,329,0,0,0,0,0,0%,$0,$0
MARINA,2019,2019-11-17T07:00:00Z,329,0,0,0,0,0,0%,$0,$0
MARINA,2019,2019-11-24T07:00:00Z,329,0,0,0,0,0,0%,$0,$0
MARINA,2019,2019-12-01T07:00:00Z,329,0,0,0,0,0,0%,$0,$0
MARINA,2019,2019-12-08T07:00:00Z,329,0,0,0,0,0,0%,$0,$0
MARINA,2019,2019-12-15T07:00:00Z,329,0,0,0,0,0,0%,$0,$0
MARINA,2019,2019-12-22T07:00:00Z,329,0,0,0,0,0,0%,$0,$0
MARINA,2019,2019-12-29T07:00:00Z,150,0,0,0,0,0,0%,$0,$0
OG30,2016,2016-09-04T07:00:00Z,0,1,Inf,151,151,Inf,Inf,$151,Inf
OG30,2016,2016-09-11T07:00:00Z,0,7,Inf,1165.1666666666667,166.45238095238096,Inf,Inf,$166,Inf
OG30,2016,2016-09-18T07:00:00Z,0,10,Inf,1709.8333333333333,170.98333333333332,Inf,Inf,$171,Inf
OG30,2016,2016-09-25T07:00:00Z,0,7,Inf,1081,154.42857142857142,Inf,Inf,$154,Inf
OG30,2016,2016-10-02T07:00:00Z,13,7,0.5384615384615384,1363,194.71428571428572,104.84615384615384,53.8%,$195,$105
OG30,2016,2016-10-09T07:00:00Z,18,14,0.7777777777777778,2420.2532467532465,172.87523191094618,134.4585137085137,77.8%,$173,$134
OG30,2016,2016-10-16T07:00:00Z,33,16,0.48484848484848486,2386.7300774505793,149.1706298406612,72.32515386213876,48.5%,$149,$72
OG30,2016,2016-10-23T07:00:00Z,52,21,0.40384615384615385,3089.6974331061356,147.12844919553027,59.417258328964145,40.4%,$147,$59
OG30,2016,2016-10-30T07:00:00Z,70,38,0.5428571428571428,5423.238315577554,142.7167977783567,77.47483307967934,54.3%,$143,$77
OG30,2016,2016-11-06T07:00:00Z,88,65,0.7386363636363636,9254.658084395445,142.37935514454531,105.16656914085733,73.9%,$142,$105
OG30,2016,2016-11-13T07:00:00Z,91,58,0.6373626373626373,8577.682116127637,147.89107096771787,94.26024303436962,63.7%,$148,$94
OG30,2016,2016-11-20T07:00:00Z,91,32,0.3516483516483517,3930.7641637466836,122.83638011708386,43.1952105906229,35.2%,$123,$43
OG30,2016,2016-11-27T07:00:00Z,95,38,0.4,5299.2765496141255,139.45464604247698,55.781858416990794,40.0%,$139,$56
OG30,2016,2016-12-04T07:00:00Z,98,35,0.35714285714285715,4950.067411461114,141.43049747031753,50.51089195368483,35.7%,$141,$51
OG30,2016,2016-12-11T07:00:00Z,98,28,0.2857142857142857,3319.8251418758605,118.56518363842359,33.87576675383531,28.6%,$119,$34
OG30,2016,2016-12-18T07:00:00Z,98,35,0.35714285714285715,4399.6487670678725,125.7042504876535,44.894375174161965,35.7%,$126,$45
OG30,2016,2016-12-25T07:00:00Z,98,63,0.6428571428571429,8599.065870242475,136.49310905146785,87.74557010451505,64.3%,$136,$88
OG30,2016,2017-01-01T07:00:00Z,102,47,0.46078431372549017,6466.08665846451,137.57631188222362,63.39300645553441,46.1%,$138,$63
OG30,2017,2017-01-08T07:00:00Z,105,57,0.5428571428571428,7452.578931056293,130.74699879046128,70.97694220053612,54.3%,$131,$71
OG30,2017,2017-01-15T07:00:00Z,106,63,0.5943396226415094,8987.341327369657,142.65621154555012,84.7862389374496,59.4%,$143,$85
OG30,2017,2017-01-22T07:00:00Z,114,91,0.7982456140350878,14722.530424143852,161.78604861696542,129.1450037205601,79.8%,$162,$129
OG30,2017,2017-01-29T07:00:00Z,112,60,0.5357142857142857,7781.117567000993,129.6852927833499,69.47426399108029,53.6%,$130,$69
OG30,2017,2017-02-05T07:00:00Z,130,80,0.6153846153846154,12711.130838709678,158.88913548387097,97.77792952853599,61.5%,$159,$98
OG30,2017,2017-02-12T07:00:00Z,126,70,0.5555555555555556,11296.81964669739,161.3831378099627,89.65729878331261,55.6%,$161,$90
OG30,2017,2017-02-19T07:00:00Z,133,47,0.3533834586466165,7645.804358974359,162.67668848881615,57.487250819356085,35.3%,$163,$57
OG30,2017,2017-02-26T07:00:00Z,139,70,0.5035971223021583,12300.435110662389,175.72050158089127,88.49233892562869,50.4%,$176,$88
OG30,2017,2017-03-05T07:00:00Z,145,92,0.6344827586206897,17282.1826465294,187.84981137531958,119.18746652778898,63.4%,$188,$119
OG30,2017,2017-03-12T07:00:00Z,147,90,0.6122448979591837,16507.365447954915,183.4151716439435,112.29500304731235,61.2%,$183,$112
OG30,2017,2017-03-19T07:00:00Z,153,115,0.7516339869281046,20369.15126681621,177.123054494054,133.13170762624975,75.2%,$177,$133
OG30,2017,2017-03-26T07:00:00Z,168,110,0.6547619047619048,19647.757695387638,178.61597904897852,116.95093866302165,65.5%,$179,$117
OG30,2017,2017-04-02T07:00:00Z,168,132,0.7857142857142857,23781.831541784602,180.16539046806517,141.55852108205121,78.6%,$180,$142
OG30,2017,2017-04-09T07:00:00Z,174,95,0.5459770114942529,16333.605036833065,171.9326845982428,93.87129331513256,54.6%,$172,$94
OG30,2017,2017-04-16T07:00:00Z,175,133,0.76,23814.958608261637,179.05983915986192,136.08547776149507,76.0%,$179,$136
OG30,2017,2017-04-23T07:00:00Z,175,105,0.6,18063.92813207116,172.0374107816301,103.22244646897805,60.0%,$172,$103
OG30,2017,2017-04-30T07:00:00Z,175,139,0.7942857142857143,25277.332678571427,181.85131423432682,144.44190102040815,79.4%,$182,$144
OG30,2017,2017-05-07T07:00:00Z,175,165,0.9428571428571428,31355.842023809524,190.0354062049062,179.17624013605442,94.3%,$190,$179
OG30,2017,2017-05-14T07:00:00Z,175,164,0.9371428571428572,31324.50023809524,191.00305023228805,178.9971442176871,93.7%,$191,$179
OG30,2017,2017-05-21T07:00:00Z,175,148,0.8457142857142858,29005.827759349086,195.98532269830463,165.7475871962805,84.6%,$196,$166
OG30,2017,2017-05-28T07:00:00Z,175,104,0.5942857142857143,21257.731482292806,204.40126425281545,121.47275132738747,59.4%,$204,$121
OG30,2017,2017-06-04T07:00:00Z,175,156,0.8914285714285715,37489.67814895947,240.31844967281714,214.22673227976844,89.1%,$240,$214
OG30,2017,2017-06-11T07:00:00Z,175,163,0.9314285714285714,38074.47152558285,233.58571488087637,217.56840871761625,93.1%,$234,$218
OG30,2017,2017-06-18T07:00:00Z,175,162,0.9257142857142857,35965.79044333177,222.0110521193319,205.5188025333244,92.6%,$222,$206
OG30,2017,2017-06-25T07:00:00Z,175,150,0.8571428571428571,33683.22885603018,224.55485904020122,192.4755934630296,85.7%,$225,$192
OG30,2017,2017-07-02T07:00:00Z,175,138,0.7885714285714286,29910.66763457601,216.74396836649282,170.91810076900578,78.9%,$217,$171
OG30,2017,2017-07-09T07:00:00Z,175,153,0.8742857142857143,33831.66366427391,221.12198473381642,193.3237923672795,87.4%,$221,$193
OG30,2017,2017-07-16T07:00:00Z,175,164,0.9371428571428572,36226.27170467795,220.8919006382802,207.00726688387402,93.7%,$221,$207
OG30,2017,2017-07-23T07:00:00Z,190,163,0.8578947368421053,36802.0520815927,225.7794606232681,193.69501095575106,85.8%,$226,$194
OG30,2017,2017-07-30T07:00:00Z,210,185,0.8809523809523809,43975.35424101661,237.7046175190087,209.40644876674577,88.1%,$238,$209
OG30,2017,2017-08-06T07:00:00Z,210,203,0.9666666666666667,49218.213648792844,242.45425442755095,234.37244594663258,96.7%,$242,$234
OG30,2017,2017-08-13T07:00:00Z,210,166,0.7904761904761904,39528.949964090556,238.12620460295517,188.23309506709788,79.0%,$238,$188
OG30,2017,2017-08-20T07:00:00Z,210,126,0.6,28621.29298477752,227.15311892680572,136.29187135608342,60.0%,$227,$136
OG30,2017,2017-08-27T07:00:00Z,210,138,0.6571428571428571,35807.69491863995,259.4760501350721,170.51283294590453,65.7%,$259,$171
OG30,2017,2017-09-03T07:00:00Z,210,140,0.6666666666666666,34326.28475197328,245.1877482283806,163.4584988189204,66.7%,$245,$163
OG30,2017,2017-09-10T07:00:00Z,210,184,0.8761904761904762,45660.045513878045,248.15242127107632,217.428788161324,87.6%,$248,$217
OG30,2017,2017-09-17T07:00:00Z,210,198,0.9428571428571428,40736.06823585977,205.73771836292812,193.98127731361794,94.3%,$206,$194
OG30,2017,2017-09-24T07:00:00Z,210,185,0.8809523809523809,37148.65552518156,200.80354337935978,176.8983596437217,88.1%,$201,$177
OG30,2017,2017-10-01T07:00:00Z,210,175,0.8333333333333334,33055.50775474191,188.88861574138235,157.4071797844853,83.3%,$189,$157
OG30,2017,2017-10-08T07:00:00Z,210,173,0.8238095238095238,31296.452602236852,180.90435030194712,149.03072667731834,82.4%,$181,$149
OG30,2017,2017-10-15T07:00:00Z,210,189,0.9,34367.8145857166,181.84028881331534,163.6562599319838,90.0%,$182,$164
OG30,2017,2017-10-22T07:00:00Z,210,181,0.861904761904762,30452.35518015568,168.24505624395402,145.01121514359846,86.2%,$168,$145
OG30,2017,2017-10-29T07:00:00Z,210,151,0.719047619047619,23743.200335338017,157.2397373201193,113.06285873970484,71.9%,$157,$113
OG30,2017,2017-11-05T07:00:00Z,210,186,0.8857142857142857,27562.506077626073,148.18551654637673,131.25002894107652,88.6%,$148,$131
OG30,2017,2017-11-12T07:00:00Z,210,184,0.8761904761904762,25022.903265434077,135.99403948605476,119.15668221635273,87.6%,$136,$119
OG30,2017,2017-11-19T07:00:00Z,210,158,0.7523809523809524,22247.31122386784,140.80576723966988,105.93957725651353,75.2%,$141,$106
OG30,2017,2017-11-26T07:00:00Z,211,159,0.7535545023696683,21891.094363585158,137.67983876468654,103.74926238665952,75.4%,$138,$104
OG30,2017,2017-12-03T07:00:00Z,217,176,0.8110599078341014,22927.991108710718,130.27267675403817,105.65894520143189,81.1%,$130,$106
OG30,2017,2017-12-10T07:00:00Z,217,151,0.695852534562212,19682.08321510129,130.34492195431318,90.70084430922253,69.6%,$130,$91
OG30,2017,2017-12-17T07:00:00Z,217,144,0.663594470046083,18689.760055288883,129.79000038395057,86.12792652206858,66.4%,$130,$86
OG30,2017,2017-12-24T07:00:00Z,217,157,0.7235023041474654,21882.33776019509,139.37794751716618,100.84026617601424,72.4%,$139,$101
OG30,2017,2017-12-31T07:00:00Z,211,110,0.5213270142180095,15488.587717075003,140.8053428825,73.40562899087679,52.1%,$141,$73
OG30,2018,2018-01-07T07:00:00Z,210,139,0.6619047619047619,17784.548190385773,127.94638985889046,84.68832471612272,66.2%,$128,$85
OG30,2018,2018-01-14T07:00:00Z,210,139,0.6619047619047619,16889.99534895601,121.51075790615835,80.4285492807429,66.2%,$122,$80
OG30,2018,2018-01-21T07:00:00Z,210,163,0.7761904761904762,19449.56288233929,119.32247167079319,92.61696610637757,77.6%,$119,$93
OG30,2018,2018-01-28T07:00:00Z,210,162,0.7714285714285715,19700.942552271543,121.61075649550335,93.81401215367401,77.1%,$122,$94
OG30,2018,2018-02-04T07:00:00Z,210,147,0.7,17917.2341155975,121.88594636460886,85.3201624552262,70.0%,$122,$85
OG30,2018,2018-02-11T07:00:00Z,210,155,0.7380952380952381,19199.167474650214,123.86559661064655,91.42460702214389,73.8%,$124,$91
OG30,2018,2018-02-18T07:00:00Z,210,173,0.8238095238095238,20402.874496295233,117.93569073003025,97.15654522045348,82.4%,$118,$97
OG30,2018,2018-02-25T07:00:00Z,210,164,0.780952380952381,21744.096139265923,132.58595206869464,103.54331494888534,78.1%,$133,$104
OG30,2018,2018-03-04T07:00:00Z,210,151,0.719047619047619,19835.495237225205,131.36089561076295,94.45473922488193,71.9%,$131,$94
OG30,2018,2018-03-11T07:00:00Z,210,181,0.861904761904762,25116.98791685424,138.76788904339358,119.60470436597257,86.2%,$139,$120
OG30,2018,2018-03-18T07:00:00Z,210,174,0.8285714285714286,26330.03058468297,151.32201485449983,125.38109802229987,82.9%,$151,$125
OG30,2018,2018-03-25T07:00:00Z,210,171,0.8142857142857143,26606.003426545085,155.59066331312914,126.69525441211944,81.4%,$156,$127
OG30,2018,2018-04-01T07:00:00Z,210,99,0.4714285714285714,15347.819566579823,155.02848047050327,73.08485507895153,47.1%,$155,$73
OG30,2018,2018-04-08T07:00:00Z,210,126,0.6,20269.593416666667,160.86978902116402,96.52187341269841,60.0%,$161,$97
OG30,2018,2018-04-15T07:00:00Z,210,149,0.7095238095238096,24866.055083333333,166.88627572706935,118.40978611111112,71.0%,$167,$118
OG30,2018,2018-04-22T07:00:00Z,210,154,0.7333333333333333,23821.692714285713,154.6863163265306,113.4366319727891,73.3%,$155,$113
OG30,2018,2018-04-29T07:00:00Z,210,118,0.5619047619047619,24119.30744047619,204.40091051251008,114.85384495464852,56.2%,$204,$115
OG30,2018,2018-05-06T07:00:00Z,210,137,0.6523809523809524,29431.564345238094,214.82893682655543,140.1503064058957,65.2%,$215,$140
OG30,2018,2018-05-13T07:00:00Z,210,160,0.7619047619047619,38403.42857142857,240.02142857142857,182.87346938775508,76.2%,$240,$183
OG30,2018,2018-05-20T07:00:00Z,210,188,0.8952380952380953,50267.0955952381,267.3781680597771,239.3671218820862,89.5%,$267,$239
OG30,2018,2018-05-27T07:00:00Z,210,156,0.7428571428571429,31115.648192307694,199.45928328402368,148.1697532967033,74.3%,$199,$148
OG30,2018,2018-06-03T07:00:00Z,210,171,0.8142857142857143,40995.3137947053,239.7386771620193,195.21577997478713,81.4%,$240,$195
OG30,2018,2018-06-10T07:00:00Z,210,188,0.8952380952380953,48599.808155844155,258.50961785023486,231.42765788497218,89.5%,$259,$231
OG30,2018,2018-06-17T07:00:00Z,210,175,0.8333333333333334,42058.90069047619,240.33657537414967,200.28047947845806,83.3%,$240,$200
OG30,2018,2018-06-24T07:00:00Z,210,176,0.8380952380952381,40634.58957142857,230.87834983766234,193.4980455782313,83.8%,$231,$193
OG30,2018,2018-07-01T07:00:00Z,210,163,0.7761904761904762,37220.718976190474,228.34796917908267,177.24151893424036,77.6%,$228,$177
OG30,2018,2018-07-08T07:00:00Z,210,182,0.8666666666666667,43918.410142857145,241.30994583987442,209.13528639455782,86.7%,$241,$209
OG30,2018,2018-07-15T07:00:00Z,210,187,0.8904761904761904,48875.956107142854,261.368749236058,232.74264812925165,89.0%,$261,$233
OG30,2018,2018-07-22T07:00:00Z,210,186,0.8857142857142857,48894.41258333333,262.8731859318996,232.8305361111111,88.6%,$263,$233
OG30,2018,2018-07-29T07:00:00Z,210,175,0.8333333333333334,49783.893619047616,284.4793921088435,237.06616009070294,83.3%,$284,$237
OG30,2018,2018-08-05T07:00:00Z,210,169,0.8047619047619048,52509.59342982456,310.70765343091455,250.04568299916457,80.5%,$311,$250
OG30,2018,2018-08-12T07:00:00Z,210,165,0.7857142857142857,42610.291604010024,258.2441915394547,202.9061504952858,78.6%,$258,$203
OG30,2018,2018-08-19T07:00:00Z,210,166,0.7904761904761904,40979.4540802005,246.8641812060271,195.14025752476428,79.0%,$247,$195
OG30,2018,2018-08-26T07:00:00Z,210,139,0.6619047619047619,35929.27655263158,258.48400397576677,171.09179310776943,66.2%,$258,$171
OG30,2018,2018-09-02T07:00:00Z,210,99,0.4714285714285714,22956.038166666665,231.87917340067338,109.31446746031745,47.1%,$232,$109
OG30,2018,2018-09-09T07:00:00Z,210,141,0.6714285714285714,30941.756666666668,219.4450827423168,147.3416984126984,67.1%,$219,$147
OG30,2018,2018-09-16T07:00:00Z,210,157,0.7476190476190476,33778.02264285714,215.14664103730664,160.8477268707483,74.8%,$215,$161
OG30,2018,2018-09-23T07:00:00Z,210,162,0.7714285714285715,33495.15921428571,206.76024206349206,159.50075816326532,77.1%,$207,$160
OG30,2018,2018-09-30T07:00:00Z,173,167,0.9653179190751445,33847.05709620771,202.67698860004617,195.64772887981337,96.5%,$203,$196
OG30,2018,2018-10-07T07:00:00Z,160,159,0.99375,29588.630873657465,186.09201807331738,184.92894296035914,99.4%,$186,$185
OG30,2018,2018-10-14T07:00:00Z,149,124,0.8322147651006712,23282.27421627011,187.7602759376622,156.25687393469875,83.2%,$188,$156
OG30,2018,2018-10-21T07:00:00Z,119,114,0.957983193277311,22462.93852842902,197.04332042481596,188.76418931452957,95.8%,$197,$189
OG30,2018,2018-10-28T07:00:00Z,108,52,0.48148148148148145,9759.28525518605,187.67856259973175,90.3637523628338,48.1%,$188,$90
OG30,2018,2018-11-04T07:00:00Z,91,52,0.5714285714285714,10158.986013137997,195.36511563726918,111.63720893558238,57.1%,$195,$112
OG30,2018,2018-11-11T07:00:00Z,91,15,0.16483516483516483,3202.94004467187,213.529336311458,35.19714334804252,16.5%,$214,$35
OG30,2018,2018-11-18T07:00:00Z,91,9,0.0989010989010989,1796.1299999999999,199.57,19.737692307692306,9.89%,$200,$20
OG30,2018,2018-11-25T07:00:00Z,91,11,0.12087912087912088,1874.01,170.36454545454546,20.593516483516485,12.1%,$170,$21
OG30,2018,2018-12-02T07:00:00Z,91,2,0.02197802197802198,362.83000000000004,181.41500000000002,3.987142857142858,2.20%,$181,$4
OG30,2018,2018-12-09T07:00:00Z,91,1,0.01098901098901099,164.6575,164.6575,1.809423076923077,1.10%,$165,$2
OG30,2018,2018-12-16T07:00:00Z,91,4,0.04395604395604396,763.1675,190.791875,8.386456043956045,4.40%,$191,$8
OG30,2018,2018-12-23T07:00:00Z,91,3,0.03296703296703297,807.585,269.195,8.87456043956044,3.30%,$269,$9
OG30,2018,2018-12-30T07:00:00Z,26,2,0.07692307692307693,467.54,233.77,17.982307692307693,7.69%,$234,$18
OG30,2019,2019-05-19T07:00:00Z,0,3,Inf,813.6299999999999,271.21,Inf,Inf,$271,Inf
OG30,2019,2019-05-26T07:00:00Z,0,3,Inf,587.93,195.97666666666666,Inf,Inf,$196,Inf
OG30,2019,2019-06-02T07:00:00Z,0,2,Inf,356.71333333333337,178.35666666666668,Inf,Inf,$178,Inf
OG30,2019,2019-06-09T07:00:00Z,0,7,Inf,1248.496666666667,178.3566666666667,Inf,Inf,$178,Inf
OG30,2019,2019-06-16T07:00:00Z,0,4,Inf,796.02,199.005,Inf,Inf,$199,Inf
OG30,2019,2019-06-23T07:00:00Z,0,5,Inf,1039.6175,207.92350000000002,Inf,Inf,$208,Inf
OG30,2019,2019-06-30T07:00:00Z,0,6,Inf,1345.1425,224.19041666666666,Inf,Inf,$224,Inf
OG30,2019,2019-07-07T07:00:00Z,0,5,Inf,1179.4475,235.8895,Inf,Inf,$236,Inf
OG30,2019,2019-07-14T07:00:00Z,0,3,Inf,724.1825,241.39416666666668,Inf,Inf,$241,Inf
OG30,2019,2019-07-21T07:00:00Z,0,6,Inf,1365.785,227.63083333333336,Inf,Inf,$228,Inf
OG30,2019,2019-07-28T07:00:00Z,0,2,Inf,480.585,240.2925,Inf,Inf,$240,Inf
OG30,2019,2019-08-04T07:00:00Z,0,7,Inf,1571.1299999999999,224.44714285714284,Inf,Inf,$224,Inf
OG30,2019,2019-08-18T07:00:00Z,0,15,Inf,2959.2960000000003,197.28640000000001,Inf,Inf,$197,Inf
OG30,2019,2019-08-25T07:00:00Z,0,2,Inf,447.004,223.502,Inf,Inf,$224,Inf
OG30,2019,2019-09-01T07:00:00Z,0,7,Inf,1410.3600000000001,201.48000000000002,Inf,Inf,$201,Inf
OG30,2019,2019-09-08T07:00:00Z,0,12,Inf,2352.49,196.04083333333332,Inf,Inf,$196,Inf
OG30,2019,2019-09-15T07:00:00Z,0,4,Inf,689.185,172.29625,Inf,Inf,$172,Inf
OG30,2019,2019-09-22T07:00:00Z,0,2,Inf,325.435,162.7175,Inf,Inf,$163,Inf
NA,2017,2017-12-17T07:00:00Z,0,2,Inf,1.1,0.55,Inf,Inf,$1,Inf
NA,2018,2018-01-28T07:00:00Z,1,1,1,0,0,0,100%,$0,$0
NA,2018,2018-07-29T07:00:00Z,0,3,Inf,576.33,192.11,Inf,Inf,$192,Inf
